"reported_by","years","updated_on_month","updated_on_day","total_reporting_time_taken_hh_mm_ss","min_reporting_time_taken_hh_mm_ss","avg_reporting_time_taken_hh_mm_ss","max_reporting_time_taken_hh_mm_ss","count_of_xrays"
"Dr_Nikunj_Kothia","2019","June     ","Monday   ","07:44:40","03:51:59","03:52:20","03:52:41","2"
"Dr_Rakesh_Jain","2019","July     ","Monday   ","02:37:19","02:37:19","02:37:19","02:37:19","1"
"Dr_Nikunj_Kothia","2019","July     ","Thursday ","00:33:24","00:33:24","00:33:24","00:33:24","1"
"Dr_Nikunj_Kothia","2019","July     ","Friday   ","00:17:20","00:17:20","00:17:20","00:17:20","1"
"Dr_Nikunj_Kothia","2019","August   ","Saturday ","03:24:59","03:24:59","03:24:59","03:24:59","1"
"Dr_Rakesh_Jain","2019","August   ","Wednesday","01:26:27","01:26:27","01:26:27","01:26:27","1"
"Dr_Nikunj_Kothia","2019","August   ","Monday   ","06:55:08","03:26:52","03:27:34","03:28:16","2"
"Dr_Rathod","2019","August   ","Thursday ","02:16:18","02:16:18","02:16:18","02:16:18","1"
"Dr_Nikunj_Kothia","2019","August   ","Friday   ","20:18:18","00:47:41","04:03:39.6","08:21:39","5"
"Dr_Nikunj_Kothia","2019","August   ","Thursday ","04:19:25","04:19:25","04:19:25","04:19:25","1"
"Dr_Rakesh_Jain","2019","August   ","Monday   ","01:16:01","00:34:40","00:38:00.5","00:41:21","2"
"Dr_Nikunj_Kothia","2019","September","Saturday ","11:41:55","00:14:18","01:40:16.428571","03:51:04","7"
"Dr_Nikunj_Kothia","2019","September","Wednesday","21:10:02","02:04:18","10:35:01","19:05:44","2"
"Dr_Nikunj_Kothia","2019","September","Monday   ","12:17:26","02:28:56","04:05:48.666667","06:46:02","3"
"Dr_Nikunj_Kothia","2019","September","Friday   ","09:22:45","00:24:33","01:52:33","03:50:49","5"
"Dr_Nikunj_Kothia","2019","September","Thursday ","06:39:01","06:39:01","06:39:01","06:39:01","1"
"Dr_Nikunj_Kothia","2019","September","Tuesday  ","04:06:20","01:05:13","02:03:10","03:01:07","2"
"Dr_Nikunj_Kothia","2019","October  ","Friday   ","26:09:18","00:10:29","03:44:11.142857","14:28:20","7"
"Dr_Nikunj_Kothia","2019","October  ","Thursday ","14:57:42","00:09:33","02:08:14.571429","06:25:55","7"
"Dr_Nikunj_Kothia","2019","October  ","Monday   ","00:29:14","00:29:14","00:29:14","00:29:14","1"
"Dr_Avinash_Mural","2019","October  ","Thursday ","00:55:08","00:55:08","00:55:08","00:55:08","1"
"Dr_Nikunj_Kothia","2019","October  ","Tuesday  ","16:57:53","00:13:29","02:07:14.125","05:40:22","8"
"Dr_Nikunj_Kothia","2019","October  ","Saturday ","05:31:21","05:31:21","05:31:21","05:31:21","1"
"Dr_Avinash_Mural","2019","October  ","Tuesday  ","07:24:13","02:04:38","03:42:06.5","05:19:35","2"
"Dr_Nikunj_Kothia","2019","October  ","Wednesday","16:05:41","16:05:41","16:05:41","16:05:41","1"
"Dr_Nikunj_Kothia","2019","October  ","Sunday   ","03:36:58","03:36:58","03:36:58","03:36:58","1"
"Dr_Nikunj_Kothia","2019","November ","Wednesday","12:55:47","02:52:50","03:13:56.75","03:33:59","4"
"Dr_Avinash_Mural","2019","November ","Friday   ","03:32:11","03:32:11","03:32:11","03:32:11","1"
"Dr_Nikunj_Kothia","2019","November ","Monday   ","13:23:19","00:15:18","04:27:46.333333","11:43:55","3"
"Dr_Nikunj_Kothia","2019","November ","Thursday ","03:01:45","00:07:37","01:00:35","02:45:25","3"
"Dr_Nikunj_Kothia","2019","November ","Friday   ","15:07:50","00:06:51","03:46:57.5","12:15:29","4"
"Dr_Avinash_Mural","2019","November ","Monday   ","00:43:36","00:43:36","00:43:36","00:43:36","1"
"Dr_Nikunj_Kothia","2019","November ","Sunday   ","05:54:47","00:21:20","00:59:07.833333","02:26:58","6"
"Dr_Paras_Patil","2019","November ","Thursday ","00:01:03","00:01:03","00:01:03","00:01:03","1"
"Dr_Vishal_Shah","2019","November ","Wednesday","00:26:15","00:26:15","00:26:15","00:26:15","1"
"Dr_Nikunj_Kothia","2019","November ","Tuesday  ","24:33:46","00:17:08","03:04:13.25","11:00:23","8"
"Dr_Nikunj_Kothia","2019","November ","Saturday ","14:32:36","00:35:14","02:25:26","04:40:43","6"
"Dr_Paras_Patil","2019","November ","Friday   ","01:57:24","00:52:49","00:58:42","01:04:35","2"
"Dr_Avinash_Mural","2019","November ","Tuesday  ","01:45:42","00:15:50","00:52:51","01:29:52","2"
"Dr_Avinash_Mural","2019","November ","Wednesday","00:21:42","00:21:42","00:21:42","00:21:42","1"
"Dr_Paras_Patil","2019","December ","Tuesday  ","02:07:25","02:07:25","02:07:25","02:07:25","1"
"Dr_Nikunj_Kothia","2019","December ","Saturday ","02:07:01","00:35:59","01:03:30.5","01:31:02","2"
"Dr_Prajakta_Pawnikar","2019","December ","Tuesday  ","15:32:00","03:02:57","03:06:24","03:11:52","5"
"Dr_Prajakta_Pawnikar","2019","December ","Sunday   ","02:44:10","02:44:10","02:44:10","02:44:10","1"
"Dr_Prajakta_Pawnikar","2019","December ","Thursday ","07:21:48","00:03:44","01:03:06.857143","02:34:32","7"
"Dr_Vishal_Shah","2019","December ","Wednesday","04:45:03","00:38:34","01:35:01","03:03:23","3"
"Dr_Prajakta_Pawnikar","2019","December ","Friday   ","03:01:49","00:18:12","01:00:36.333333","02:00:22","3"
"Dr_Nikunj_Kothia","2019","December ","Monday   ","02:22:49","00:14:36","00:35:42.25","01:00:38","4"
"Dr_Nikunj_Kothia","2019","December ","Tuesday  ","06:55:44","00:08:44","01:09:17.333333","02:56:27","6"
"Dr_Nikunj_Kothia","2019","December ","Sunday   ","15:15:16","15:15:16","15:15:16","15:15:16","1"
"Dr_Prajakta_Pawnikar","2019","December ","Saturday ","03:31:23","00:06:28","00:52:50.75","01:09:30","4"
"Dr_Vishal_Shah","2019","December ","Friday   ","00:35:22","00:35:22","00:35:22","00:35:22","1"
"Dr_Prajakta_Pawnikar","2019","December ","Monday   ","42:35:25","00:28:48","05:19:25.625","20:18:09","8"
"Dr_Nikunj_Kothia","2019","December ","Friday   ","04:40:29","00:22:11","00:56:05.8","01:26:30","5"
"Dr_Paras_Patil","2019","December ","Sunday   ","01:04:20","01:04:20","01:04:20","01:04:20","1"
"Dr_Nikunj_Kothia","2019","December ","Wednesday","00:02:56","00:02:56","00:02:56","00:02:56","1"
"Dr_Nikunj_Kothia","2019","December ","Thursday ","01:31:43","00:02:54","00:30:34.333333","01:16:49","3"
"Dr_Vishal_Shah","2019","December ","Thursday ","13:06:16","00:43:03","06:33:08","12:23:13","2"
"Dr_Vishal_Shah","2019","December ","Tuesday  ","03:20:12","00:41:49","01:40:06","02:38:23","2"
"Dr_Prajakta_Pawnikar","2019","December ","Wednesday","10:32:02","02:55:07","03:30:40.666667","04:36:30","3"
"Dr_Vishal_Shah","2020","January  ","Saturday ","03:57:05","01:14:10","01:58:32.5","02:42:55","2"
"Dr_Prajakta_Pawnikar","2020","January  ","Sunday   ","14:01:33","06:58:09","07:00:46.5","07:03:24","2"
"Dr_Nikunj_Kothia","2020","January  ","Tuesday  ","02:51:32","00:19:50","00:57:10.666667","01:56:44","3"
"Dr_Vishal_Shah","2020","January  ","Wednesday","01:39:50","01:39:50","01:39:50","01:39:50","1"
"Dr_Vishal_Shah","2020","January  ","Monday   ","25:35:21","02:21:23","04:15:53.5","12:02:32","6"
"Dr_Nikunj_Kothia","2020","January  ","Wednesday","02:36:15","00:20:41","00:39:03.75","01:00:44","4"
"Dr_Prajakta_Pawnikar","2020","January  ","Tuesday  ","20:19:07","00:46:34","04:03:49.4","13:50:36","5"
"Dr_Vishal_Shah","2020","January  ","Friday   ","01:35:25","00:29:33","00:47:42.5","01:05:52","2"
"Dr_Prajakta_Pawnikar","2020","January  ","Saturday ","07:36:26","00:20:51","01:54:06.5","03:35:43","4"
"Dr_Prajakta_Pawnikar","2020","January  ","Wednesday","52:17:40","00:03:40","07:28:14.285714","14:24:54","7"
"Dr_Mukesh_Patrawala","2020","January  ","Wednesday","10:53:19","10:53:19","10:53:19","10:53:19","1"
"Dr_Nikunj_Kothia","2020","January  ","Monday   ","02:51:50","01:25:31","01:25:55","01:26:19","2"
"Dr_Nikunj_Kothia","2020","January  ","Friday   ","25:04:58","00:51:55","02:30:29.8","04:05:05","10"
"Dr_Prajakta_Pawnikar","2020","January  ","Friday   ","29:39:37","00:42:08","02:07:06.928571","03:22:21","14"
"Dr_Nikunj_Kothia","2020","January  ","Thursday ","03:30:30","00:08:25","00:35:05","01:40:48","6"
"Dr_Nikunj_Kothia","2020","January  ","Sunday   ","05:18:44","00:30:30","02:39:22","04:48:14","2"
"Dr_Nikunj_Kothia","2020","January  ","Saturday ","02:12:23","00:08:31","01:06:11.5","02:03:52","2"
"Dr_Prajakta_Pawnikar","2020","January  ","Thursday ","25:25:12","00:47:08","06:21:18","11:56:03","4"
"Dr_Prajakta_Pawnikar","2020","January  ","Monday   ","36:54:24","00:58:36","05:16:20.571429","18:43:40","7"
"Dr_Vishal_Shah","2020","January  ","Thursday ","23:39:22","00:01:57","05:54:50.5","14:04:39","4"
"Dr_Vishal_Shah","2020","January  ","Tuesday  ","01:30:33","01:30:33","01:30:33","01:30:33","1"
"Dr_Mukesh_Patrawala","2020","February ","Friday   ","03:46:47","00:10:08","00:56:41.75","02:06:10","4"
"Dr_Mukesh_Patrawala","2020","February ","Thursday ","02:10:31","00:42:41","01:05:15.5","01:27:50","2"
"Dr_Mukesh_Patrawala","2020","February ","Saturday ","07:55:11","00:24:33","02:38:23.666667","05:13:37","3"
"Dr_Vishal_Shah","2020","February ","Monday   ","22:36:07","01:08:18","11:18:03.5","21:27:49","2"
"Dr_Prajakta_Pawnikar","2020","February ","Sunday   ","45:08:45","02:15:48","09:01:45","14:22:24","5"
"Dr_Prajakta_Pawnikar","2020","February ","Wednesday","18:55:56","00:15:57","01:53:35.6","03:12:11","10"
"Dr_Nikunj_Kothia","2020","February ","Saturday ","03:37:36","00:28:55","01:48:48","03:08:41","2"
"Dr_Jayesh_Shah","2020","February ","Friday   ","00:13:51","00:13:51","00:13:51","00:13:51","1"
"Dr_Mukesh_Patrawala","2020","February ","Tuesday  ","03:15:10","00:29:34","01:05:03.333333","01:44:31","3"
"Dr_Vishal_Shah","2020","February ","Tuesday  ","00:10:32","00:10:32","00:10:32","00:10:32","1"
"Dr_Prajakta_Pawnikar","2020","February ","Thursday ","03:28:37","00:02:15","01:09:32.333333","01:46:05","3"
"Dr_Prajakta_Pawnikar","2020","February ","Monday   ","12:37:22","00:29:52","06:18:41","12:07:30","2"
"Dr_Swapnil_Ingole","2020","February ","Wednesday","09:44:50","01:32:00","01:56:58","02:54:38","5"
"Dr_Prajakta_Pawnikar","2020","February ","Friday   ","14:32:37","01:02:49","07:16:18.5","13:29:48","2"
"Dr_Nikunj_Kothia","2020","February ","Monday   ","12:10:21","12:10:21","12:10:21","12:10:21","1"
"Dr_Mukesh_Patrawala","2020","February ","Monday   ","04:43:28","00:16:11","00:56:41.6","01:12:48","5"
"Dr_Nikunj_Kothia","2020","February ","Friday   ","02:53:51","00:04:10","00:34:46.2","01:30:41","5"
"Dr_Swapnil_Ingole","2020","February ","Monday   ","00:15:47","00:15:47","00:15:47","00:15:47","1"
"Dr_Prajakta_Pawnikar","2020","February ","Tuesday  ","03:39:02","03:39:02","03:39:02","03:39:02","1"
"Dr_Swapnil_Ingole","2020","February ","Thursday ","00:02:06","00:02:06","00:02:06","00:02:06","1"
"Dr_Jayesh_Shah","2020","February ","Sunday   ","14:07:31","14:07:31","14:07:31","14:07:31","1"
"Dr_Nikunj_Kothia","2020","February ","Wednesday","03:47:48","00:06:59","00:45:33.6","01:21:25","5"
"Dr_Jayesh_Shah","2020","February ","Saturday ","12:25:26","12:25:26","12:25:26","12:25:26","1"
"Dr_Paras_Patil","2020","February ","Saturday ","01:25:27","00:06:43","00:42:43.5","01:18:44","2"
"Dr_Prajakta_Pawnikar","2020","February ","Saturday ","15:38:44","15:38:44","15:38:44","15:38:44","1"
"Dr_Swapnil_Ingole","2020","February ","Saturday ","02:37:54","00:03:50","00:52:38","01:18:06","3"
"Dr_Nikunj_Kothia","2020","February ","Tuesday  ","00:58:24","00:15:35","00:29:12","00:42:49","2"
"Dr_Nikunj_Kothia","2020","March    ","Saturday ","04:12:43","00:30:26","01:03:10.75","01:35:43","4"
"Dr_Mukesh_Patrawala","2020","March    ","Monday   ","01:46:40","01:46:40","01:46:40","01:46:40","1"
"Dr_Prajakta_Pawnikar","2020","March    ","Tuesday  ","25:33:42","00:05:16","02:33:22.2","14:07:38","10"
"Dr_Vishal_Shah","2020","March    ","Wednesday","00:53:12","00:53:12","00:53:12","00:53:12","1"
"Dr_Mukesh_Patrawala","2020","March    ","Saturday ","01:28:12","01:28:12","01:28:12","01:28:12","1"
"Dr_Paras_Patil","2020","March    ","Saturday ","00:12:18","00:12:18","00:12:18","00:12:18","1"
"Dr_Jayesh_Shah","2020","March    ","Friday   ","05:00:04","00:04:53","01:40:01.333333","02:28:11","3"
"Dr_Prajakta_Pawnikar","2020","March    ","Thursday ","05:01:53","00:06:25","01:00:22.6","03:38:10","5"
"Dr_Nikunj_Kothia","2020","March    ","Friday   ","04:54:19","00:30:15","00:58:51.8","01:19:45","5"
"Dr_Prajakta_Pawnikar","2020","March    ","Sunday   ","06:27:12","06:27:12","06:27:12","06:27:12","1"
"Dr_Ravi_Chavan","2020","March    ","Monday   ","02:33:32","02:33:32","02:33:32","02:33:32","1"
"Dr_Prajakta_Pawnikar","2020","March    ","Saturday ","28:58:46","00:34:22","07:14:41.5","13:21:09","4"
"Dr_Jayesh_Shah","2020","March    ","Wednesday","01:15:55","01:15:55","01:15:55","01:15:55","1"
"Dr_Nikunj_Kothia","2020","March    ","Tuesday  ","02:54:44","01:26:15","01:27:22","01:28:29","2"
"Dr_Nikunj_Kothia","2020","March    ","Monday   ","07:10:16","00:53:33","02:23:25.333333","03:12:19","3"
"Dr_Prajakta_Pawnikar","2020","March    ","Wednesday","02:10:39","00:34:50","00:43:33","00:49:55","3"
"Dr_Paras_Patil","2020","March    ","Monday   ","00:38:50","00:38:50","00:38:50","00:38:50","1"
"Dr_Mukesh_Patrawala","2020","March    ","Tuesday  ","02:39:33","00:39:18","01:19:46.5","02:00:15","2"
"Dr_Mukesh_Patrawala","2020","March    ","Thursday ","12:27:01","00:08:36","03:06:45.25","10:41:43","4"
"Dr_Paras_Patil","2020","March    ","Friday   ","00:46:36","00:46:36","00:46:36","00:46:36","1"
"Dr_Prajakta_Pawnikar","2020","March    ","Monday   ","24:27:13","00:03:43","02:26:43.3","10:46:17","10"
"Dr_Jayesh_Shah","2020","March    ","Sunday   ","15:41:55","00:13:57","07:50:57.5","15:27:58","2"
"Dr_Jayesh_Shah","2020","March    ","Monday   ","11:32:41","01:04:08","05:46:20.5","10:28:33","2"
"Dr_Jayesh_Shah","2020","March    ","Saturday ","13:43:15","00:09:07","02:44:39","04:29:26","5"
"Dr_Prajakta_Pawnikar","2020","March    ","Friday   ","12:37:36","00:02:46","01:48:13.714286","02:29:46","7"
"Dr_Vishal_Shah","2020","March    ","Tuesday  ","00:01:37","00:01:37","00:01:37","00:01:37","1"
"Dr_Mukesh_Patrawala","2020","March    ","Wednesday","01:13:07","01:13:07","01:13:07","01:13:07","1"
"Dr_Jayesh_Shah","2020","March    ","Thursday ","53:04:40","00:38:57","08:50:46.666667","13:21:05","6"
"Dr_Nikunj_Kothia","2020","April    ","Thursday ","02:39:38","00:04:24","00:53:12.666667","01:51:24","3"
"Dr_Nikunj_Kothia","2020","April    ","Friday   ","00:38:49","00:04:10","00:12:56.333333","00:28:38","3"
"Dr_Jayesh_Shah","2020","April    ","Saturday ","01:37:42","00:11:13","00:48:51","01:26:29","2"
"Dr_Prajakta_Pawnikar","2020","April    ","Sunday   ","34:25:46","00:16:34","06:53:09.2","18:23:45","5"
"Dr_Prajakta_Pawnikar","2020","April    ","Saturday ","01:07:05","00:08:04","00:33:32.5","00:59:01","2"
"Dr_Jayesh_Shah","2020","April    ","Friday   ","02:34:17","00:37:46","01:17:08.5","01:56:31","2"
"Dr_Jayesh_Shah","2020","April    ","Monday   ","00:29:14","00:29:14","00:29:14","00:29:14","1"
"Dr_Nikunj_Kothia","2020","April    ","Wednesday","01:39:41","00:17:54","00:49:50.5","01:21:47","2"
"Dr_Jayesh_Shah","2020","April    ","Wednesday","00:23:24","00:23:24","00:23:24","00:23:24","1"
"Dr_Prajakta_Pawnikar","2020","April    ","Monday   ","04:48:56","01:00:21","02:24:28","03:48:35","2"
"Dr_Jayesh_Shah","2020","April    ","Tuesday  ","06:44:20","02:10:04","02:14:46.666667","02:23:48","3"
"Dr_Nikunj_Kothia","2020","April    ","Monday   ","01:32:30","01:32:30","01:32:30","01:32:30","1"
"Dr_Prajakta_Pawnikar","2020","April    ","Tuesday  ","00:05:21","00:05:21","00:05:21","00:05:21","1"
"Dr_Nikunj_Kothia","2020","April    ","Tuesday  ","00:49:36","00:03:55","00:24:48","00:45:41","2"
"Dr_Prajakta_Pawnikar","2020","April    ","Thursday ","09:40:52","00:35:53","01:56:10.4","03:03:21","5"
"Dr_Nikunj_Kothia","2020","April    ","Saturday ","02:35:32","02:35:32","02:35:32","02:35:32","1"
"Dr_Jayesh_Shah","2020","April    ","Thursday ","01:35:08","00:09:39","00:47:34","01:25:29","2"
"Dr_Jayesh_Shah","2020","April    ","Sunday   ","02:06:22","02:06:22","02:06:22","02:06:22","1"
"Dr_Prajakta_Pawnikar","2020","April    ","Wednesday","00:23:12","00:00:00","00:11:36","00:23:12","2"
"Dr_Prajakta_Pawnikar","2020","May      ","Sunday   ","19:56:57","00:06:45","09:58:28.5","19:50:12","2"
"Dr_Prajakta_Pawnikar","2020","May      ","Tuesday  ","00:35:44","00:35:44","00:35:44","00:35:44","1"
"Dr_Prajakta_Pawnikar","2020","May      ","Monday   ","12:38:16","00:07:16","02:31:39.2","05:05:22","5"
"Dr_Nikunj_Kothia","2020","May      ","Wednesday","02:18:23","00:00:00","00:19:46.142857","00:42:58","7"
"Dr_Jayesh_Shah","2020","May      ","Saturday ","00:37:58","00:00:00","00:12:39.333333","00:21:55","3"
"Dr_Prajakta_Pawnikar","2020","May      ","Thursday ","22:43:19","00:10:30","03:14:45.571429","11:52:42","7"
"Dr_Prajakta_Pawnikar","2020","May      ","Saturday ","07:06:47","00:02:41","00:47:25.222222","01:19:36","9"
"Dr_Nikunj_Kothia","2020","May      ","Saturday ","07:04:39","00:02:04","00:42:27.9","02:02:07","10"
"Dr_Jayesh_Shah","2020","May      ","Tuesday  ","08:51:54","01:03:48","02:12:58.5","05:08:55","4"
"Dr_Nikunj_Kothia","2020","May      ","Thursday ","02:15:07","00:00:00","00:33:46.75","01:31:57","4"
"Dr_Vishal_Shah","2020","May      ","Friday   ","01:32:39","00:05:26","00:30:53","00:44:27","3"
"Dr_Prajakta_Pawnikar","2020","May      ","Friday   ","02:19:26","00:01:41","00:27:53.2","01:19:14","5"
"Dr_Prajakta_Pawnikar","2020","May      ","Wednesday","02:48:20","00:17:51","00:42:05","00:50:58","4"
"Dr_Jayesh_Shah","2020","May      ","Thursday ","00:29:58","00:29:58","00:29:58","00:29:58","1"
"Dr_Nikunj_Kothia","2020","May      ","Friday   ","27:03:14","00:03:13","03:00:21.555556","13:14:58","9"
"Dr_Nikunj_Kothia","2020","May      ","Tuesday  ","02:26:41","00:06:58","00:29:20.2","00:59:36","5"
"Dr_Nikunj_Kothia","2020","May      ","Monday   ","07:12:17","00:01:00","00:43:13.7","01:35:07","10"
"Dr_Nikunj_Kothia","2020","May      ","Sunday   ","16:47:49","00:29:12","01:31:37.181818","03:20:06","11"
"Dr_Jayesh_Shah","2020","May      ","Wednesday","02:37:08","00:03:26","00:26:11.333333","01:31:06","6"
"Dr_Vishal_Shah","2020","June     ","Monday   ","00:23:56","00:01:38","00:11:58","00:22:18","2"
"Dr_Jayesh_Shah","2020","June     ","Tuesday  ","12:11:43","00:42:02","01:44:31.857143","02:04:24","7"
"Dr_Nikunj_Kothia","2020","June     ","Wednesday","15:57:13","00:01:41","01:13:37.923077","02:08:51","13"
"Dr_Vishal_Shah","2020","June     ","Tuesday  ","00:18:06","00:18:06","00:18:06","00:18:06","1"
"Dr_Prajakta_Pawnikar","2020","June     ","Saturday ","31:14:38","00:12:57","02:13:54.142857","03:38:52","14"
"Dr_Ravi_Chavan","2020","June     ","Wednesday","00:28:47","00:09:56","00:14:23.5","00:18:51","2"
"Dr_Ravi_Chavan","2020","June     ","Sunday   ","00:07:25","00:07:25","00:07:25","00:07:25","1"
"Dr_Prajakta_Pawnikar","2020","June     ","Monday   ","17:47:55","00:05:18","01:22:08.846154","03:44:52","13"
"Dr_Nikunj_Kothia","2020","June     ","Friday   ","23:14:28","00:21:34","01:32:57.866667","06:50:37","15"
"Dr_Ravi_Chavan","2020","June     ","Thursday ","01:19:54","00:19:36","00:39:57","01:00:18","2"
"Dr_Nikunj_Kothia","2020","June     ","Monday   ","14:01:22","00:02:38","01:24:08.2","04:12:22","10"
"Dr_Himanshu_Desai","2020","June     ","Saturday ","01:09:40","00:08:38","00:34:50","01:01:02","2"
"Dr_Vishal_Shah","2020","June     ","Wednesday","04:34:05","00:25:02","01:31:21.666667","03:21:13","3"
"Dr_Vishal_Shah","2020","June     ","Saturday ","00:42:45","00:10:49","00:21:22.5","00:31:56","2"
"Dr_Prajakta_Pawnikar","2020","June     ","Friday   ","09:31:20","00:18:50","01:21:37.142857","04:07:00","7"
"Dr_Nikunj_Kothia","2020","June     ","Saturday ","44:05:47","00:03:32","04:53:58.555556","23:00:12","9"
"Dr_Ravi_Chavan","2020","June     ","Monday   ","02:29:07","01:01:01","01:14:33.5","01:28:06","2"
"Dr_Jayesh_Shah","2020","June     ","Saturday ","12:50:01","00:20:18","01:50:00.142857","03:38:45","7"
"Dr_Ravi_Chavan","2020","June     ","Friday   ","01:11:23","01:11:23","01:11:23","01:11:23","1"
"Dr_Nikunj_Kothia","2020","June     ","Thursday ","02:47:21","00:07:39","01:23:40.5","02:39:42","2"
"Dr_Prajakta_Pawnikar","2020","June     ","Thursday ","03:19:24","00:07:05","00:39:52.8","01:17:29","5"
"Dr_Jayesh_Shah","2020","June     ","Sunday   ","02:20:23","02:20:23","02:20:23","02:20:23","1"
"Dr_Ravi_Chavan","2020","June     ","Saturday ","00:58:58","00:58:58","00:58:58","00:58:58","1"
"Dr_Prajakta_Pawnikar","2020","June     ","Tuesday  ","01:23:40","00:39:07","00:41:50","00:44:33","2"
"Dr_Himanshu_Desai","2020","June     ","Friday   ","01:58:48","00:32:44","00:59:24","01:26:04","2"
"Dr_Prajakta_Pawnikar","2020","June     ","Sunday   ","10:42:40","10:42:40","10:42:40","10:42:40","1"
"Dr_Nikunj_Kothia","2020","June     ","Sunday   ","01:41:45","00:03:08","00:50:52.5","01:38:37","2"
"Dr_Jayesh_Shah","2020","June     ","Monday   ","09:35:27","00:57:18","01:22:12.428571","01:31:30","7"
"Dr_Vishal_Shah","2020","June     ","Sunday   ","15:46:59","01:08:57","03:56:44.75","11:59:02","4"
"Dr_Ravi_Chavan","2020","June     ","Tuesday  ","00:06:32","00:06:32","00:06:32","00:06:32","1"
"Dr_Himanshu_Desai","2020","June     ","Monday   ","08:23:36","01:22:22","02:05:54","03:56:09","4"
"Dr_Nikunj_Kothia","2020","June     ","Tuesday  ","48:59:43","00:00:00","04:27:14.818182","12:54:44","11"
"Dr_Himanshu_Desai","2020","June     ","Sunday   ","08:09:06","01:48:50","02:43:02","03:31:41","3"
"Dr_Nikunj_Kothia","2020","July     ","Friday   ","16:07:47","00:08:05","02:00:58.375","03:53:05","8"
"Dr_Nainesh_Meswani","2020","July     ","Thursday ","00:25:07","00:25:07","00:25:07","00:25:07","1"
"Dr_Vishal_Shah","2020","July     ","Wednesday","09:22:09","09:22:09","09:22:09","09:22:09","1"
"Dr_Ravi_Chavan","2020","July     ","Tuesday  ","02:54:54","00:24:03","00:58:18","01:20:15","3"
"Dr_Himanshu_Desai","2020","July     ","Thursday ","00:00:00","00:00:00","00:00:00","00:00:00","1"
"Dr_Prajakta_Pawnikar","2020","July     ","Sunday   ","18:37:55","00:08:34","01:41:37.727273","05:07:19","11"
"Dr_Roopesh_Deshmukh","2020","July     ","Saturday ","01:01:30","00:06:40","00:30:45","00:54:50","2"
"Dr_Nikunj_Kothia","2020","July     ","Tuesday  ","16:55:39","00:16:44","04:13:54.75","13:20:51","4"
"Dr_Himanshu_Desai","2020","July     ","Friday   ","13:11:14","02:05:31","06:35:37","11:05:43","2"
"Dr_Nikunj_Kothia","2020","July     ","Sunday   ","26:20:59","00:18:07","02:01:36.846154","04:30:55","13"
"Dr_Himanshu_Desai","2020","July     ","Monday   ","04:01:11","04:01:11","04:01:11","04:01:11","1"
"Dr_Nikunj_Kothia","2020","July     ","Monday   ","27:55:32","00:09:42","02:19:37.666667","03:51:24","12"
"Dr_Roopesh_Deshmukh","2020","July     ","Monday   ","01:20:50","00:34:04","00:40:25","00:46:46","2"
"Dr_Jayesh_Shah","2020","July     ","Friday   ","07:19:01","01:39:21","01:49:45.25","01:54:19","4"
"Dr_Ravi_Chavan","2020","July     ","Monday   ","02:16:30","00:01:08","00:22:45","00:36:07","6"
"Dr_Nikunj_Kothia","2020","July     ","Wednesday","16:47:24","00:25:08","01:40:44.4","05:28:28","10"
"Dr_Ravi_Chavan","2020","July     ","Saturday ","01:12:38","01:12:38","01:12:38","01:12:38","1"
"Dr_Prajakta_Pawnikar","2020","July     ","Friday   ","18:45:25","00:06:50","03:45:05","17:28:26","5"
"Dr_Jayesh_Shah","2020","July     ","Thursday ","01:14:13","01:14:13","01:14:13","01:14:13","1"
"Dr_Jayesh_Shah","2020","July     ","Sunday   ","02:51:07","01:05:36","01:25:33.5","01:45:31","2"
"Dr_Roopesh_Deshmukh","2020","July     ","Friday   ","19:11:13","01:19:58","06:23:44.333333","11:26:34","3"
"Dr_Jayesh_Shah","2020","July     ","Saturday ","00:55:59","00:26:06","00:27:59.5","00:29:53","2"
"Dr_Roopesh_Deshmukh","2020","July     ","Thursday ","05:11:10","01:40:47","01:43:43.333333","01:45:50","3"
"Dr_Prajakta_Pawnikar","2020","July     ","Saturday ","13:25:14","01:34:06","04:28:24.666667","08:42:24","3"
"Dr_Ravi_Chavan","2020","July     ","Friday   ","08:46:22","00:18:23","01:27:43.666667","02:22:01","6"
"Dr_Jayesh_Shah","2020","July     ","Tuesday  ","07:13:56","00:32:30","01:48:29","03:13:50","4"
"Dr_Prajakta_Pawnikar","2020","July     ","Monday   ","09:17:44","02:07:40","03:05:54.666667","03:43:54","3"
"Dr_Himanshu_Desai","2020","July     ","Tuesday  ","28:49:32","01:32:01","09:36:30.666667","13:40:37","3"
"Dr_Nikunj_Kothia","2020","July     ","Saturday ","09:13:55","00:04:58","01:19:07.857143","05:52:44","7"
"Dr_Prajakta_Pawnikar","2020","July     ","Tuesday  ","29:02:49","00:20:16","02:14:03.769231","04:30:19","13"
"Dr_Himanshu_Desai","2020","July     ","Saturday ","00:27:32","00:27:32","00:27:32","00:27:32","1"
"Dr_Prajakta_Pawnikar","2020","July     ","Wednesday","12:19:46","00:45:29","01:22:11.777778","03:47:57","9"
"Dr_Nikunj_Kothia","2020","July     ","Thursday ","09:11:06","01:47:28","02:17:46.5","03:15:53","4"
"Dr_Jayesh_Shah","2020","July     ","Wednesday","33:18:57","00:03:22","06:39:47.4","13:37:24","5"
"Dr_Himanshu_Desai","2020","July     ","Sunday   ","26:52:46","01:30:21","08:57:35.333333","12:42:15","3"
"Dr_Himanshu_Desai","2020","July     ","Wednesday","01:37:12","00:41:01","00:48:36","00:56:11","2"
"Dr_Prajakta_Pawnikar","2020","July     ","Thursday ","19:39:35","00:19:40","01:30:44.230769","02:13:14","13"
"Dr_Nikunj_Kothia","2020","August   ","Sunday   ","06:44:35","01:11:15","01:41:08.75","02:07:36","4"
"Dr_Ravi_Chavan","2020","August   ","Saturday ","01:20:05","00:39:30","00:40:02.5","00:40:35","2"
"Dr_Nikunj_Kothia","2020","August   ","Monday   ","39:40:52","00:15:10","01:53:22.47619","03:19:20","21"
"Dr_Prajakta_Pawnikar","2020","August   ","Monday   ","21:56:57","00:14:35","01:09:18.789474","03:49:48","19"
"Dr_Ravi_Chavan","2020","August   ","Sunday   ","01:22:22","01:22:22","01:22:22","01:22:22","1"
"Dr_Nainesh_Meswani","2020","August   ","Monday   ","03:50:59","03:50:59","03:50:59","03:50:59","1"
"Dr_Himanshu_Desai","2020","August   ","Sunday   ","05:19:57","05:19:57","05:19:57","05:19:57","1"
"Dr_Roopesh_Deshmukh","2020","August   ","Saturday ","00:42:53","00:42:53","00:42:53","00:42:53","1"
"Dr_Jayesh_Shah","2020","August   ","Sunday   ","05:11:09","00:23:06","01:43:43","02:36:44","3"
"Dr_Ravi_Chavan","2020","August   ","Monday   ","34:28:25","00:05:04","00:51:42.625","02:25:05","40"
"Dr_Jayesh_Shah","2020","August   ","Saturday ","01:24:40","00:41:58","00:42:20","00:42:42","2"
"Dr_Nikunj_Kothia","2020","August   ","Saturday ","09:20:22","00:05:33","03:06:47.333333","05:01:51","3"
